{
    "total": 300,
    "validation": {
        "running": 0.0,
        "completed": 0.5333333333333333,
        "agent context limit": 0.25666666666666665,
        "agent validation failed": 0.21,
        "agent invalid action": 0.0,
        "task limit reached": 0.0,
        "unknown": 0.0,
        "task error": 0.0,
        "average_history_length": 6.573333333333333,
        "max_history_length": 18,
        "min_history_length": 4
    },
    "custom": {
        "other_accuracy": 0.35294117647058826,
        "counting_accuracy": 0.35294117647058826,
        "comparison_accuracy": 0.35294117647058826,
        "ranking_accuracy": 0.35294117647058826,
        "aggregation-SUM_accuracy": 0.375,
        "aggregation-MIN_accuracy": 0.375,
        "aggregation-MAX_accuracy": 0.125,
        "aggregation-AVG_accuracy": 0.125,
        "SELECT_accuracy": 0.32,
        "INSERT_accuracy": 0.32,
        "UPDATE_accuracy": 0.78,
        "overall_cat_accuracy": 0.47333333333333333
    }
}